Designator,Val,Package,Mid X,Mid Y,Rotation,Layer
D1,,D_SOD-323_HandSoldering,88.386837,-131.704721,-112.0,top
D10,,D_SOD-323_HandSoldering,149.777347,-131.917505,-112.0,top
D11,,D_SOD-323_HandSoldering,156.894871,-114.301012,-112.0,top
D12,,D_SOD-323_HandSoldering,164.012398,-96.684519,-112.0,top
D13,,D_SOD-323_HandSoldering,165.970334,-142.558331,-112.0,top
D14,,D_SOD-323_HandSoldering,173.08786,-124.941836,-112.0,top
D15,,D_SOD-323_HandSoldering,180.205386,-107.325341,-112.0,top
D16,,D_SOD-323_HandSoldering,183.586829,-149.675854,-112.0,top
D17,,D_SOD-323_HandSoldering,190.704353,-132.059361,-112.0,top
D18,,D_SOD-323_HandSoldering,197.821877,-114.442868,-112.0,top
D19,,D_SOD-323_HandSoldering,162.376107,-161.598328,-112.0,top
D2,,D_SOD-323_HandSoldering,95.504361,-114.088228,-112.0,top
D20,,D_SOD-323_HandSoldering,179.992602,-168.715851,-112.0,top
D21,,D_SOD-323_HandSoldering,197.609095,-175.833377,-112.0,top
D22,,D_SOD-323_HandSoldering,349.608525,-131.70472,-68.0,top
D23,,D_SOD-323_HandSoldering,342.490999,-114.088228,-68.0,top
D24,,D_SOD-323_HandSoldering,335.373474,-96.471735,-68.0,top
D25,,D_SOD-323_HandSoldering,331.99203,-138.822244,-68.0,top
D26,,D_SOD-323_HandSoldering,324.874507,-121.205752,-68.0,top
D27,,D_SOD-323_HandSoldering,317.756981,-103.589258,-68.0,top
D28,,D_SOD-323_HandSoldering,309.39327,-133.608226,-68.0,top
D29,,D_SOD-323_HandSoldering,302.275745,-115.991732,-68.0,top
D3,,D_SOD-323_HandSoldering,102.621887,-96.471735,-112.0,top
D30,,D_SOD-323_HandSoldering,295.158218,-98.37524,-68.0,top
D31,,D_SOD-323_HandSoldering,288.218014,-131.917503,-68.0,top
D32,,D_SOD-323_HandSoldering,281.100489,-114.301011,-68.0,top
D33,,D_SOD-323_HandSoldering,273.982964,-96.68452,-68.0,top
D34,,D_SOD-323_HandSoldering,272.025026,-142.558329,-68.0,top
D35,,D_SOD-323_HandSoldering,264.907501,-124.941836,-68.0,top
D36,,D_SOD-323_HandSoldering,257.789975,-107.325342,-68.0,top
D37,,D_SOD-323_HandSoldering,254.408532,-149.675854,-68.0,top
D38,,D_SOD-323_HandSoldering,247.291008,-132.059361,-68.0,top
D39,,D_SOD-323_HandSoldering,240.173481,-114.442869,-68.0,top
D4,,D_SOD-323_HandSoldering,106.00333,-138.822245,-112.0,top
D40,,D_SOD-323_HandSoldering,275.619252,-161.598325,-68.0,top
D41,,D_SOD-323_HandSoldering,258.00276,-168.715853,-68.0,top
D42,,D_SOD-323_HandSoldering,240.386266,-175.833377,-68.0,top
D5,,D_SOD-323_HandSoldering,113.120856,-121.205753,-112.0,top
D6,,D_SOD-323_HandSoldering,120.238379,-103.589261,-112.0,top
D7,,D_SOD-323_HandSoldering,128.602091,-133.608226,-112.0,top
D8,,D_SOD-323_HandSoldering,135.719615,-115.991733,-112.0,top
D9,,D_SOD-323_HandSoldering,142.837142,-98.375241,-112.0,top
MCU1,,ProMicro,218.997681,-126.205315,-90.0,top
S1,SW_MX_Choc_PCB_1.00u,SW_Cherry_MX_Choc_PCB_1.00u_nosilk,77.305497,-132.623737,-22.0,top
S10,SW_MX_Choc_PCB_1.00u,SW_Cherry_MX_Choc_PCB_1.00u_nosilk,138.696006,-132.836521,-22.0,top
S11,SW_MX_Choc_PCB_1.00u,SW_Cherry_MX_Choc_PCB_1.00u_nosilk,145.813533,-115.220028,-22.0,top
S12,SW_MX_Choc_PCB_1.00u,SW_Cherry_MX_Choc_PCB_1.00u_nosilk,152.931058,-97.603533,-22.0,top
S13,SW_MX_Choc_PCB_1.00u,SW_Cherry_MX_Choc_PCB_1.00u_nosilk,154.888996,-143.477343,-22.0,top
S14,SW_MX_Choc_PCB_1.00u,SW_Cherry_MX_Choc_PCB_1.00u_nosilk,162.006521,-125.860851,-22.0,top
S15,SW_MX_Choc_PCB_1.00u,SW_Cherry_MX_Choc_PCB_1.00u_nosilk,169.124046,-108.244359,-22.0,top
S16,SW_MX_Choc_PCB_1.00u,SW_Cherry_MX_Choc_PCB_1.00u_nosilk,172.50549,-150.594871,-22.0,top
S17,SW_MX_Choc_PCB_1.00u,SW_Cherry_MX_Choc_PCB_1.00u_nosilk,179.623015,-132.978378,-22.0,top
S18,SW_MX_Choc_PCB_1.00u,SW_Cherry_MX_Choc_PCB_1.00u_nosilk,186.74054,-115.361883,-22.0,top
S19,SW_MX_Choc_PCB_1.00u,SW_Cherry_MX_Choc_PCB_1.00u_nosilk,151.29477,-162.517343,-22.0,top
S2,SW_MX_Choc_PCB_1.00u,SW_Cherry_MX_Choc_PCB_1.00u_nosilk,84.423023,-115.007243,-22.0,top
S20,SW_MX_Choc_PCB_1.00u,SW_Cherry_MX_Choc_PCB_1.00u_nosilk,168.911262,-169.634869,-22.0,top
S21,SW_MX_Choc_PCB_1.00u,SW_Cherry_MX_Choc_PCB_1.00u_nosilk,186.527755,-176.752396,-22.0,top
S22,SW_MX_Choc_PCB_1.00u,SW_Cherry_MX_Choc_PCB_1.00u_nosilk,359.853208,-131.684087,22.0,top
S23,SW_MX_Choc_PCB_1.00u,SW_Cherry_MX_Choc_PCB_1.00u_nosilk,352.735682,-114.067597,22.0,top
S24,SW_MX_Choc_PCB_1.00u,SW_Cherry_MX_Choc_PCB_1.00u_nosilk,345.618158,-96.451102,22.0,top
S25,SW_MX_Choc_PCB_1.00u,SW_Cherry_MX_Choc_PCB_1.00u_nosilk,342.236715,-138.801614,22.0,top
S26,SW_MX_Choc_PCB_1.00u,SW_Cherry_MX_Choc_PCB_1.00u_nosilk,335.119188,-121.185121,22.0,top
S27,SW_MX_Choc_PCB_1.00u,SW_Cherry_MX_Choc_PCB_1.00u_nosilk,328.001665,-103.568628,22.0,top
S28,SW_MX_Choc_PCB_1.00u,SW_Cherry_MX_Choc_PCB_1.00u_nosilk,319.637953,-133.587593,22.0,top
S29,SW_MX_Choc_PCB_1.00u,SW_Cherry_MX_Choc_PCB_1.00u_nosilk,312.520428,-115.971101,22.0,top
S3,SW_MX_Choc_PCB_1.00u,SW_Cherry_MX_Choc_PCB_1.00u_nosilk,91.540548,-97.39075,-22.0,top
S30,SW_MX_Choc_PCB_1.00u,SW_Cherry_MX_Choc_PCB_1.00u_nosilk,305.402904,-98.354608,22.0,top
S31,SW_MX_Choc_PCB_1.00u,SW_Cherry_MX_Choc_PCB_1.00u_nosilk,298.462698,-131.896873,22.0,top
S32,SW_MX_Choc_PCB_1.00u,SW_Cherry_MX_Choc_PCB_1.00u_nosilk,291.345172,-114.280378,22.0,top
S33,SW_MX_Choc_PCB_1.00u,SW_Cherry_MX_Choc_PCB_1.00u_nosilk,284.227646,-96.663886,22.0,top
S34,SW_MX_Choc_PCB_1.00u,SW_Cherry_MX_Choc_PCB_1.00u_nosilk,282.269708,-142.537696,22.0,top
S35,SW_MX_Choc_PCB_1.00u,SW_Cherry_MX_Choc_PCB_1.00u_nosilk,275.152184,-124.921202,22.0,top
S36,SW_MX_Choc_PCB_1.00u,SW_Cherry_MX_Choc_PCB_1.00u_nosilk,268.03466,-107.304709,22.0,top
S37,SW_MX_Choc_PCB_1.00u,SW_Cherry_MX_Choc_PCB_1.00u_nosilk,264.653216,-149.655222,22.0,top
S38,SW_MX_Choc_PCB_1.00u,SW_Cherry_MX_Choc_PCB_1.00u_nosilk,257.535691,-132.038728,22.0,top
S39,SW_MX_Choc_PCB_1.00u,SW_Cherry_MX_Choc_PCB_1.00u_nosilk,250.418165,-114.422237,22.0,top
S4,SW_MX_Choc_PCB_1.00u,SW_Cherry_MX_Choc_PCB_1.00u_nosilk,94.92199,-139.741263,-22.0,top
S40,SW_MX_Choc_PCB_1.00u,SW_Cherry_MX_Choc_PCB_1.00u_nosilk,285.863936,-161.577695,22.0,top
S41,SW_MX_Choc_PCB_1.00u,SW_Cherry_MX_Choc_PCB_1.00u_nosilk,268.247443,-168.69522,22.0,top
S42,SW_MX_Choc_PCB_1.00u,SW_Cherry_MX_Choc_PCB_1.00u_nosilk,250.63095,-175.812745,22.0,top
S5,SW_MX_Choc_PCB_1.00u,SW_Cherry_MX_Choc_PCB_1.00u_nosilk,102.039515,-122.12477,-22.0,top
S6,SW_MX_Choc_PCB_1.00u,SW_Cherry_MX_Choc_PCB_1.00u_nosilk,109.157041,-104.508275,-22.0,top
S7,SW_MX_Choc_PCB_1.00u,SW_Cherry_MX_Choc_PCB_1.00u_nosilk,117.520752,-134.527242,-22.0,top
S8,SW_MX_Choc_PCB_1.00u,SW_Cherry_MX_Choc_PCB_1.00u_nosilk,124.638278,-116.910748,-22.0,top
S9,SW_MX_Choc_PCB_1.00u,SW_Cherry_MX_Choc_PCB_1.00u_nosilk,131.755804,-99.294256,-22.0,top
